event_id	dataset	class	subclass	svtype	chrom	start	end_chrom	end	size	gene	transcript	exons_affected	coding_effect	cds_bp_affected	inserted_sequence	haplotype	clone	ccf	clonality_tier	expected_vaf_dna	tumor_cn_at_locus	gene_tpm	wes_visible	chr1to6
IGI-SYN-SEQ-01-SV-0001	IGI-SYN-SEQ-01	sv	coding	DEL	chr14	22951463	chr14	22951907	444	HAUS4	ENST00000541587.6	4-4	exon_loss_in_frame	135		0	T	1.0	T_het	0.35	2.0	24.879	True	False
IGI-SYN-SEQ-01-SV-0002	IGI-SYN-SEQ-01	sv	coding	DUP	chr2	3519100	chr2	3519721	621	ADI1	ENST00000327435.11	1-1	exon_duplication_in_frame	120		0	T	1.0	T_het	0.35	2.0	26.935	False	True
IGI-SYN-SEQ-01-SV-0003	IGI-SYN-SEQ-01	sv	non_coding	DUP	chr4	158539354	chr4	158539729	375				na	0		1	T	1.0	T_het	0.35	2.0		False	True
IGI-SYN-SEQ-01-SV-0004	IGI-SYN-SEQ-01	sv	non_coding	INS	chr21	20367318	chr21	20626314	258996				mobile_element_L1HS	0	<L1HS:6082>	0	T	1.0	T_het	0.35	2.0		False	False
IGI-SYN-SEQ-01-SV-0005	IGI-SYN-SEQ-01	sv	non_coding	INV	chr12	61716108	chr12	61716234	126				na	0		1	T	1.0	T_het	0.35	2.0		False	False
IGI-SYN-SEQ-01-SV-0006	IGI-SYN-SEQ-01	sv	coding	DEL	chr3	58309986	chr3	58316723	6737	RPP14	ENST00000295959.10	1-3	exon_loss_out_of_frame	239		0	T	1.0	T_het	0.35	2.0	7.527	False	True
IGI-SYN-SEQ-01-SV-0007	IGI-SYN-SEQ-01	sv	non_coding	INS	chr8	107331834	chr8	107692495	360661				mobile_element_SVA_E	0	<SVA_E:2043>	0	T	1.0	T_het	0.35	2.0		False	False
IGI-SYN-SEQ-01-SV-0008	IGI-SYN-SEQ-01	sv	coding	DEL	chr12	55839197	chr12	55841244	2047	MMP19	ENST00000322569.9	4-5	exon_loss_out_of_frame	593		0	T	1.0	T_het	0.35	2.0	5.997	True	False
IGI-SYN-SEQ-01-SV-0009	IGI-SYN-SEQ-01	sv	coding	DEL	chr3	113723242	chr3	113723741	499	NAA50	ENST00000240922.8	3-3	exon_loss_in_frame	120		1	T	1.0	T_het	0.35	2.0	91.738	False	True
IGI-SYN-SEQ-01-SV-0010	IGI-SYN-SEQ-01	sv	coding	DEL	chr5	133022673	chr5	133026697	4024	ZCCHC10	ENST00000509437.6	1-2	exon_loss_out_of_frame	107		0	T	1.0	T_LOH	0.5385	1.0	11.99	False	True
IGI-SYN-SEQ-01-SV-0011	IGI-SYN-SEQ-01	sv	non_coding	INS	chr9	114888436	chr9	114889737	1301				mobile_element_SVA_E	0	<SVA_E:2060>	1	T	1.0	T_het	0.35	2.0		False	False
IGI-SYN-SEQ-01-SV-0012	IGI-SYN-SEQ-01	sv	non_coding	DEL	chr10	56572940	chr10	56599711	26771				na	0		1	T	1.0	T_het	0.35	2.0		False	False
IGI-SYN-SEQ-01-SV-0013	IGI-SYN-SEQ-01	sv	non_coding	TRA	chr19	10587522	chr18	66183920					na	0		0	T	1.0	T_het	0.35	2.0		False	False
IGI-SYN-SEQ-01-SV-0014	IGI-SYN-SEQ-01	sv	coding	DUP	chr11	119010976	chr11	119012395	1419	CENATAC	ENST00000334418.6	5-6	exon_duplication_in_frame	234		1	T	1.0	T_het	0.35	2.0	9.54	False	False
IGI-SYN-SEQ-01-SV-0015	IGI-SYN-SEQ-01	sv	coding	DEL	chr16	85920014	chr16	85920580	566	IRF8	ENST00000268638.10	7-7	exon_loss_out_of_frame	116		0	T	1.0	T_LOH	0.5385	1.0	6.574	False	False
IGI-SYN-SEQ-01-SV-0016	IGI-SYN-SEQ-01	sv	coding	DUP	chr1	222631856	chr1	222633503	1647	MIA3	ENST00000344922.10	5-6	exon_duplication_out_of_frame	308		0	T	1.0	T_het	0.5185	3.0	52.498	False	True
IGI-SYN-SEQ-01-SV-0017	IGI-SYN-SEQ-01	sv	coding	INV	chr10	119911757	chr10	119912498	741	SEC23IP	ENST00000369075.8	6-6	exon_inversion_out_of_frame	121		1	T	1.0	T_het	0.35	2.0	16.563	False	False
IGI-SYN-SEQ-01-SV-0018	IGI-SYN-SEQ-01	sv	non_coding	INV	chr8	15972584	chr8	15977147	4563				na	0		1	T	1.0	T_LOH	0.5385	1.0		False	False
IGI-SYN-SEQ-01-SV-0019	IGI-SYN-SEQ-01	sv	non_coding	DEL	chr8	91345902	chr8	91363156	17254				na	0		0	T	1.0	T_het	0.35	2.0		False	False
IGI-SYN-SEQ-01-SV-0020	IGI-SYN-SEQ-01	sv	coding	INV	chr7	5222380	chr7	5227574	5194	WIPI2	ENST00000288828.9	8-10	exon_inversion_out_of_frame	344		1	T	1.0	T_het	0.35	2.0	45.252	False	False
IGI-SYN-SEQ-01-SV-0021	IGI-SYN-SEQ-01	sv	non_coding	DEL	chr11	19282564	chr11	19389566	107002				na	0		0	T	1.0	T_het	0.35	2.0		False	False
IGI-SYN-SEQ-01-SV-0022	IGI-SYN-SEQ-01	sv	coding	INV	chr3	23917496	chr3	23918797	1301	RPL15	ENST00000307839.10	1-2	exon_inversion_in_frame	309		0	T	1.0	T_het	0.35	2.0	1091.377	True	True
IGI-SYN-SEQ-01-SV-0023	IGI-SYN-SEQ-01	sv	non_coding	INS	chr2	40958822	chr2	40962379	3557				mobile_element_SVA_E	0	<SVA_E:1905>	0	T	1.0	T_het	0.35	2.0		False	True
IGI-SYN-SEQ-01-SV-0024	IGI-SYN-SEQ-01	sv	non_coding	DUP	chr9	136080278	chr9	136389764	309486				na	0		0	T	1.0	T_het	0.35	2.0		False	False
IGI-SYN-SEQ-01-SV-0025	IGI-SYN-SEQ-01	sv	coding	INV	chr4	1332491	chr4	1333019	528	MAEA	ENST00000303400.9	6-6	exon_inversion_out_of_frame	109		0	T	1.0	T_het	0.35	2.0	27.63	False	True
IGI-SYN-SEQ-01-SV-0026	IGI-SYN-SEQ-01	sv	non_coding	INS	chr10	125174829	chr10	125175375	546				mobile_element_L1HS	0	<L1HS:5957>	1	T	1.0	T_het	0.35	2.0		False	False
IGI-SYN-SEQ-01-SV-0027	IGI-SYN-SEQ-01	sv	coding	DEL	chr16	29962869	chr16	29968420	5551	TMEM219	ENST00000279396.11	1-3	exon_loss_in_frame	585		0	T	1.0	T_het	0.35	2.0	113.197	True	False
IGI-SYN-SEQ-01-SV-0028	IGI-SYN-SEQ-01	sv	non_coding	DEL	chr13	100536748	chr13	100538345	1597				na	0		1	T	1.0	T_LOH	0.5385	1.0		False	False
IGI-SYN-SEQ-01-SV-0029	IGI-SYN-SEQ-01	sv	coding	DEL	chr11	64284073	chr11	64284450	377	BAD	ENST00000309032.8	1-1	exon_loss_out_of_frame	187		0	T	1.0	T_het	0.35	2.0	47.504	True	False
IGI-SYN-SEQ-01-SV-0030	IGI-SYN-SEQ-01	sv	coding	DUP	chr17	7858372	chr17	7858536	164	CYB5D1	ENST00000332439.5	2-2	exon_duplication_out_of_frame	77		0	T	1.0	T_LOH	0.5385	1.0	5.728	True	False
IGI-SYN-SEQ-01-SV-0031	IGI-SYN-SEQ-01	sv	coding	DEL	chr7	141743670	chr7	141745836	2166	SSBP1	ENST00000265304.11	4-5	exon_loss_out_of_frame	209		1	T	1.0	T_het	0.35	2.0	164.728	True	False
IGI-SYN-SEQ-01-SV-0032	IGI-SYN-SEQ-01	sv	coding	DUP	chr18	74154920	chr18	74158329	3409	TIMM21	ENST00000169551.11	2-4	exon_duplication_out_of_frame	341		0	T	1.0	T_het	0.35	2.0	31.208	True	False
IGI-SYN-SEQ-01-SV-0033	IGI-SYN-SEQ-01	sv	coding	DEL	chr14	20404503	chr14	20405636	1133	TEP1	ENST00000262715.10	3-4	exon_loss_in_frame	297		0	T	1.0	T_het	0.35	2.0	9.04	False	False
IGI-SYN-SEQ-01-SV-0034	IGI-SYN-SEQ-01	sv	non_coding	DEL	chr18	24594484	chr18	24594646	162				na	0		1	T	1.0	T_het	0.35	2.0		False	False
IGI-SYN-SEQ-01-SV-0035	IGI-SYN-SEQ-01	sv	coding	INV	chr11	68685199	chr11	68689108	3909	GAL	ENST00000265643.4	2-4	exon_inversion_out_of_frame	220		0	T	1.0	T_het	0.35	2.0	8.713	False	False
IGI-SYN-SEQ-01-SV-0036	IGI-SYN-SEQ-01	sv	non_coding	DUP	chr19	13740293	chr19	13740774	481				na	0		0	T	1.0	T_het	0.35	2.0		False	False
IGI-SYN-SEQ-01-SV-0037	IGI-SYN-SEQ-01	sv	coding	INV	chr2	27368320	chr2	27369817	1497	EIF2B4	ENST00000347454.9	3-5	exon_inversion_out_of_frame	515		1	T	1.0	T_het	0.35	2.0	31.612	False	True
IGI-SYN-SEQ-01-SV-0038	IGI-SYN-SEQ-01	sv	coding	DUP	chr12	48678931	chr12	48679417	486	KANSL2	ENST00000420613.7	3-3	exon_duplication_out_of_frame	115		0	T	1.0	T_het	0.35	2.0	18.636	False	False
IGI-SYN-SEQ-01-SV-0039	IGI-SYN-SEQ-01	sv	non_coding	TRA	chr18	46532554	chr17	12534427					na	0		0	T	1.0	T_het	0.35	2.0		False	False
IGI-SYN-SEQ-01-SV-0040	IGI-SYN-SEQ-01	sv	coding	DEL	chr16	69748701	chr16	69749419	718	NOB1	ENST00000268802.10	5-6	exon_loss_in_frame	327		0	T	1.0	T_LOH	0.5385	1.0	40.4	False	False
IGI-SYN-SEQ-01-SV-0041	IGI-SYN-SEQ-01	sv	non_coding	DUP	chr5	64804058	chr5	64808497	4439				na	0		0	T	1.0	T_LOH	0.5385	1.0		True	True
IGI-SYN-SEQ-01-SV-0042	IGI-SYN-SEQ-01	sv	coding	DEL	chr3	63838002	chr3	63838598	596	THOC7	ENST00000295899.10	3-3	exon_loss_in_frame	189		0	T	1.0	T_het	0.35	2.0	68.841	True	True
IGI-SYN-SEQ-01-SV-0043	IGI-SYN-SEQ-01	sv	coding	DEL	chr18	51046712	chr18	51047664	952	SMAD4	ENST00000342988.8	1-1	exon_loss_in_frame	249		0	T	1.0	T_het	0.35	2.0	30.249	False	False
IGI-SYN-SEQ-01-SV-0044	IGI-SYN-SEQ-01	sv	coding	INV	chr16	84866752	chr16	84869091	2339	CRISPLD2	ENST00000262424.10	6-7	exon_inversion_out_of_frame	205		0	T	1.0	T_LOH	0.5385	1.0	12.041	False	False
IGI-SYN-SEQ-01-SV-0045	IGI-SYN-SEQ-01	sv	non_coding	INV	chr2	212038461	chr2	212043637	5176				na	0		0	T	1.0	T_het	0.35	2.0		False	True
IGI-SYN-SEQ-01-SV-0046	IGI-SYN-SEQ-01	sv	coding	DEL	chr1	170542421	chr1	170545154	2733	GORAB	ENST00000367763.8	3-4	exon_loss_in_frame	243		0	T	1.0	T_het	0.5185	3.0	9.79	True	True
IGI-SYN-SEQ-01-SV-0047	IGI-SYN-SEQ-01	sv	coding	DEL	chr15	78340053	chr15	78344005	3952	CRABP1	ENST00000299529.7	1-3	exon_loss_in_frame	363		0	T	1.0	T_het	0.35	2.0	61.799	False	False
IGI-SYN-SEQ-01-SV-0048	IGI-SYN-SEQ-01	sv	non_coding	DUP	chr20	16034280	chr20	16153193	118913				na	0		1	T	1.0	T_het	0.35	2.0		False	False
IGI-SYN-SEQ-01-SV-0049	IGI-SYN-SEQ-01	sv	non_coding	DUP	chr17	58582520	chr17	58594349	11829				na	0		0	T	1.0	T_LOH	0.5385	1.0		False	False
IGI-SYN-SEQ-01-SV-0050	IGI-SYN-SEQ-01	sv	coding	INV	chr3	98768195	chr3	98768801	606	ST3GAL6	ENST00000613264.4	2-2	exon_inversion_out_of_frame	100		1	T	1.0	T_het	0.35	2.0	8.88	False	True
IGI-SYN-SEQ-01-SV-0051	IGI-SYN-SEQ-01	sv	coding	INV	chr7	30018776	chr7	30019444	668	FKBP14	ENST00000222803.10	3-3	exon_inversion_out_of_frame	128		0	B	0.25	B	0.0875	2.0	7.079	False	False
IGI-SYN-SEQ-01-SV-0052	IGI-SYN-SEQ-01	sv	non_coding	DUP	chr3	52027694	chr3	54595400	2567706				na	0		0	B	0.25	B	0.0875	2.0		False	True
IGI-SYN-SEQ-01-SV-0053	IGI-SYN-SEQ-01	sv	non_coding	INV	chr22	1293201	chr22	1332419	39218				na	0		0	B	0.25	B	0.0875	2.0		False	False
IGI-SYN-SEQ-01-SV-0054	IGI-SYN-SEQ-01	sv	coding	DUP	chr5	139480616	chr5	139480989	373	STING1	ENST00000330794.9	3-3	exon_duplication_out_of_frame	109		0	A	0.4	A	0.2154	1.0	21.657	False	True
IGI-SYN-SEQ-01-SV-0055	IGI-SYN-SEQ-01	sv	non_coding	DEL	chr9	44699566	chr9	44704139	4573				na	0		1	T	1.0	T_het	0.35	2.0		False	False
IGI-SYN-SEQ-01-SV-0056	IGI-SYN-SEQ-01	sv	coding	DEL	chr11	13707530	chr11	13710925	3395	FAR1	ENST00000354817.8	3-4	exon_loss_out_of_frame	358		0	A1	0.12	A1	0.042	2.0	10.494	False	False
IGI-SYN-SEQ-01-SV-0057	IGI-SYN-SEQ-01	sv	coding	DUP	chr2	63933366	chr2	63944943	11577	VPS54	ENST00000272322.9	9-11	exon_duplication_out_of_frame	494		1	A1	0.12	A1	0.042	2.0	18.286	False	True
IGI-SYN-SEQ-01-SV-0058	IGI-SYN-SEQ-01	sv	non_coding	DEL	chr3	122086765	chr3	122117734	30969				na	0		1	A	0.4	A	0.14	2.0		False	True
IGI-SYN-SEQ-01-SV-0059	IGI-SYN-SEQ-01	sv	non_coding	INS	chr20	49543285	chr20	49705417	162132				mobile_element_SVA_E	0	<SVA_E:1914>	0	T	1.0	T_het	0.35	2.0		False	False
IGI-SYN-SEQ-01-SV-0060	IGI-SYN-SEQ-01	sv	non_coding	TRA	chr12	66955438	chr4	163781006					na	0		1	T	1.0	T_het	0.35	2.0		False	False
IGI-SYN-SEQ-01-SV-0061	IGI-SYN-SEQ-01	sv	non_coding	DUP	chr17	8045422	chr17	8045703	281				na	0		0	A1	0.12	A1	0.0646	1.0		True	False
IGI-SYN-SEQ-01-SV-0062	IGI-SYN-SEQ-01	sv	coding	DEL	chr8	119846924	chr8	119847256	332	DSCC1	ENST00000313655.5	4-4	exon_loss_out_of_frame	91		0	A	0.4	A	0.14	2.0	10.373	False	False
IGI-SYN-SEQ-01-SV-0063	IGI-SYN-SEQ-01	sv	non_coding	INV	chr9	60695565	chr9	60695858	293				na	0		0	T	1.0	T_het	0.35	2.0		False	False
IGI-SYN-SEQ-01-SV-0064	IGI-SYN-SEQ-01	sv	non_coding	DEL	chr11	41914421	chr11	45804939	3890518				na	0		0	B	0.25	B	0.0875	2.0		False	False
IGI-SYN-SEQ-01-SV-0065	IGI-SYN-SEQ-01	sv	coding	DEL	chr16	30570813	chr16	30571415	602	ZNF688	ENST00000223459.11	2-2	exon_loss_in_frame	114		1	T	1.0	T_het	0.35	2.0	8.193	True	False
IGI-SYN-SEQ-01-SV-0066	IGI-SYN-SEQ-01	sv	coding	DUP	chr8	30797494	chr8	30799881	2387	PPP2CB	ENST00000221138.9	2-3	exon_duplication_in_frame	384		1	A	0.4	A	0.2154	1.0	40.522	False	False
IGI-SYN-SEQ-01-SV-0067	IGI-SYN-SEQ-01	sv	non_coding	TRA	chr20	8920043	chrX	132250765					na	0		0	A	0.4	A	0.14	2.0		False	False
IGI-SYN-SEQ-01-SV-0068	IGI-SYN-SEQ-01	sv	non_coding	INS	chr14	79633184	chr14	79939191	306007				mobile_element_SVA_E	0	<SVA_E:2030>	0	B	0.25	B	0.0875	2.0		False	False
IGI-SYN-SEQ-01-SV-0069	IGI-SYN-SEQ-01	sv	coding	DEL	chr19	52369657	chr19	52373344	3687	ZNF880	ENST00000422689.3	1-2	exon_loss_out_of_frame	139		1	B	0.25	B	0.0875	2.0	8.551	False	False
IGI-SYN-SEQ-01-SV-0070	IGI-SYN-SEQ-01	sv	non_coding	DEL	chr13	32178791	chr13	32179253	462				na	0		1	B	0.25	B	0.1346	1.0		False	False
IGI-SYN-SEQ-01-SV-0071	IGI-SYN-SEQ-01	sv	coding	DEL	chr7	101223415	chr7	101224240	825	ZNHIT1	ENST00000305105.3	4-4	exon_loss_out_of_frame	269		1	A1	0.12	A1	0.042	2.0	68.668	True	False
IGI-SYN-SEQ-01-SV-0072	IGI-SYN-SEQ-01	sv	coding	DEL	chr19	41389719	chr19	41390219	500	EXOSC5	ENST00000221233.9	4-4	exon_loss_in_frame	141		0	A1	0.12	A1	0.042	2.0	31.682	True	False
IGI-SYN-SEQ-01-SV-0073	IGI-SYN-SEQ-01	sv	non_coding	DUP	chr21	30815155	chr21	34322385	3507230				na	0		1	B	0.25	B	0.0875	2.0		False	False
IGI-SYN-SEQ-01-SV-0074	IGI-SYN-SEQ-01	sv	coding	DEL	chr12	109457355	chr12	109460940	3585	KCTD10	ENST00000228495.11	3-5	exon_loss_out_of_frame	310		1	B	0.25	B	0.0875	2.0	20.835	False	False
IGI-SYN-SEQ-01-SV-0075	IGI-SYN-SEQ-01	sv	non_coding	TRA	chr16	18655419	chr18	54905745					na	0		1	A1	0.12	A1	0.042	2.0		False	False
IGI-SYN-SEQ-01-SV-0076	IGI-SYN-SEQ-01	sv	coding	DEL	chr3	37946756	chr3	37964753	17997	CTDSPL	ENST00000273179.10	2-4	exon_loss_out_of_frame	290		0	T	1.0	T_het	0.35	2.0	12.594	False	True
IGI-SYN-SEQ-01-SV-0077	IGI-SYN-SEQ-01	sv	non_coding	DUP	chr15	95489444	chr15	95957750	468306				na	0		0	B	0.25	B	0.0875	2.0		False	False
IGI-SYN-SEQ-01-SV-0078	IGI-SYN-SEQ-01	sv	non_coding	DEL	chr11	86588180	chr11	86589592	1412				na	0		0	B	0.25	B	0.0875	2.0		False	False
IGI-SYN-SEQ-01-SV-0079	IGI-SYN-SEQ-01	sv	non_coding	INV	chr7	125485790	chr7	125485885	95				na	0		0	A	0.4	A	0.14	2.0		False	False
IGI-SYN-SEQ-01-SV-0080	IGI-SYN-SEQ-01	sv	non_coding	TRA	chr7	140373789	chr22	38563878					na	0		0	T	1.0	T_het	0.35	2.0		False	False
IGI-SYN-SEQ-01-SV-0081	IGI-SYN-SEQ-01	sv	non_coding	TRA	chr18	55355018	chr12	116274469					na	0		1	T	1.0	T_het	0.35	2.0		False	False
IGI-SYN-SEQ-01-SV-0082	IGI-SYN-SEQ-01	sv	non_coding	TRA	chr8	9097304	chr9	108892412					na	0		1	A	0.4	A	0.2154	1.0		False	False
IGI-SYN-SEQ-01-SV-0083	IGI-SYN-SEQ-01	sv	coding	INV	chr1	156467931	chr1	156475328	7397	MEF2D	ENST00000348159.9	8-10	exon_inversion_in_frame	678		0	A	0.4	A	0.1037	3.0	17.928	False	True
IGI-SYN-SEQ-01-SV-0084	IGI-SYN-SEQ-01	sv	coding	INV	chr3	62320396	chr3	62331521	11125	C3orf14	ENST00000462069.6	1-3	exon_inversion_in_frame	252		0	T	1.0	T_het	0.35	2.0	25.389	False	True
IGI-SYN-SEQ-01-SV-0085	IGI-SYN-SEQ-01	sv	coding	DEL	chr12	125076407	chr12	125091614	15207	AACS	ENST00000316519.11	3-5	exon_loss_in_frame	333		1	A	0.4	A	0.14	2.0	16.313	False	False
IGI-SYN-SEQ-01-SV-0086	IGI-SYN-SEQ-01	sv	non_coding	DEL	chr3	167261936	chr3	167262342	406				na	0		1	A	0.4	A	0.14	2.0		False	True
IGI-SYN-SEQ-01-SV-0087	IGI-SYN-SEQ-01	sv	coding	DEL	chr9	129633774	chr9	129634502	728	NTMT1	ENST00000372483.9	2-2	exon_loss_out_of_frame	253		1	B	0.25	B	0.0875	2.0	31.172	False	False
IGI-SYN-SEQ-01-SV-0088	IGI-SYN-SEQ-01	sv	non_coding	DUP	chr8	1613319	chr8	1613760	441				na	0		1	B	0.25	B	0.1346	1.0		False	False
IGI-SYN-SEQ-01-SV-0089	IGI-SYN-SEQ-01	sv	coding	INV	chr16	57517773	chr16	57518541	768	CCDC102A	ENST00000258214.3	5-5	exon_inversion_in_frame	210		0	A	0.4	A	0.2154	1.0	8.401	False	False
IGI-SYN-SEQ-01-SV-0090	IGI-SYN-SEQ-01	sv	coding	DEL	chr7	76503322	chr7	76503924	602	DTX2	ENST00000324432.9	7-7	exon_loss_in_frame	162		1	A	0.4	A	0.14	2.0	13.41	False	False
IGI-SYN-SEQ-01-SV-0091	IGI-SYN-SEQ-01	sv	non_coding	INV	chr21	34660095	chr21	34700395	40300				na	0		1	T	1.0	T_het	0.35	2.0		False	False
IGI-SYN-SEQ-01-SV-0092	IGI-SYN-SEQ-01	sv	non_coding	DEL	chr16	70736648	chr16	70759074	22426				na	0		0	A	0.4	A	0.2154	1.0		False	False
IGI-SYN-SEQ-01-SV-0093	IGI-SYN-SEQ-01	sv	non_coding	INV	chr14	2169051	chr14	5312423	3143372				na	0		0	A1	0.12	A1	0.042	2.0		False	False
IGI-SYN-SEQ-01-SV-0094	IGI-SYN-SEQ-01	sv	non_coding	INS	chr13	31352045	chr13	31845681	493636				mobile_element_AluY	0	<AluY:201>	1	T	1.0	T_LOH	0.5385	1.0		False	False
IGI-SYN-SEQ-01-SV-0095	IGI-SYN-SEQ-01	sv	coding	DEL	chr2	11171838	chr2	11172396	558	SLC66A3	ENST00000295083.8	5-5	exon_loss_out_of_frame	121		0	A	0.4	A	0.14	2.0	17.212	False	True
IGI-SYN-SEQ-01-SV-0096	IGI-SYN-SEQ-01	sv	non_coding	DEL	chr22	32465315	chr22	32467737	2422				na	0		0	A	0.4	A	0.14	2.0		False	False
IGI-SYN-SEQ-01-SV-0097	IGI-SYN-SEQ-01	sv	coding	DUP	chr7	5995370	chr7	5997466	2096	PMS2	ENST00000265849.12	7-8	exon_duplication_in_frame	198		0	T	1.0	T_het	0.35	2.0	19.616	True	False
IGI-SYN-SEQ-01-SV-0098	IGI-SYN-SEQ-01	sv	non_coding	DEL	chr15	29917231	chr15	30260783	343552				na	0		1	T	1.0	T_het	0.35	2.0		False	False
