allele	gene	haplotypes	clone	ccf	copies	lost	loh_label	loh_region
HLA-A*01:01	HLA-A	0	T	1.0	1	False	HLA_LOH_loses_hap1	chr6:28500000-33500000
HLA-A*26:01	HLA-A	1	T	1.0	0	True	HLA_LOH_loses_hap1	chr6:28500000-33500000
HLA-B*35:08	HLA-B	0	T	1.0	1	False	HLA_LOH_loses_hap1	chr6:28500000-33500000
HLA-B*38:01	HLA-B	1	T	1.0	0	True	HLA_LOH_loses_hap1	chr6:28500000-33500000
HLA-C*04:01	HLA-C	0	T	1.0	1	False	HLA_LOH_loses_hap1	chr6:28500000-33500000
HLA-C*12:03	HLA-C	1	T	1.0	0	True	HLA_LOH_loses_hap1	chr6:28500000-33500000
HLA-A*01:01	HLA-A	0	A	0.4	1	False	HLA_LOH_loses_hap1	chr6:28500000-33500000
HLA-A*26:01	HLA-A	1	A	0.4	0	True	HLA_LOH_loses_hap1	chr6:28500000-33500000
HLA-B*35:08	HLA-B	0	A	0.4	1	False	HLA_LOH_loses_hap1	chr6:28500000-33500000
HLA-B*38:01	HLA-B	1	A	0.4	0	True	HLA_LOH_loses_hap1	chr6:28500000-33500000
HLA-C*04:01	HLA-C	0	A	0.4	1	False	HLA_LOH_loses_hap1	chr6:28500000-33500000
HLA-C*12:03	HLA-C	1	A	0.4	0	True	HLA_LOH_loses_hap1	chr6:28500000-33500000
HLA-A*01:01	HLA-A	0	A1	0.12	1	False	HLA_LOH_loses_hap1	chr6:28500000-33500000
HLA-A*26:01	HLA-A	1	A1	0.12	0	True	HLA_LOH_loses_hap1	chr6:28500000-33500000
HLA-B*35:08	HLA-B	0	A1	0.12	1	False	HLA_LOH_loses_hap1	chr6:28500000-33500000
HLA-B*38:01	HLA-B	1	A1	0.12	0	True	HLA_LOH_loses_hap1	chr6:28500000-33500000
HLA-C*04:01	HLA-C	0	A1	0.12	1	False	HLA_LOH_loses_hap1	chr6:28500000-33500000
HLA-C*12:03	HLA-C	1	A1	0.12	0	True	HLA_LOH_loses_hap1	chr6:28500000-33500000
HLA-A*01:01	HLA-A	0	B	0.25	1	False	HLA_LOH_loses_hap1	chr6:28500000-33500000
HLA-A*26:01	HLA-A	1	B	0.25	0	True	HLA_LOH_loses_hap1	chr6:28500000-33500000
HLA-B*35:08	HLA-B	0	B	0.25	1	False	HLA_LOH_loses_hap1	chr6:28500000-33500000
HLA-B*38:01	HLA-B	1	B	0.25	0	True	HLA_LOH_loses_hap1	chr6:28500000-33500000
HLA-C*04:01	HLA-C	0	B	0.25	1	False	HLA_LOH_loses_hap1	chr6:28500000-33500000
HLA-C*12:03	HLA-C	1	B	0.25	0	True	HLA_LOH_loses_hap1	chr6:28500000-33500000
