event_id	dataset	class	subclass	chrom	pos	ref	alt	haplotype	clone	ccf	timing	clonality_tier	gene	transcript	mechanism	exon_index	consequence	reference_dinucleotide	canonical_site	chr1to6
IGI-SYN-SEQ-02-SPL-0001	IGI-SYN-SEQ-02	snv	splice_causal	chr15	63658542	A	C	0	A	0.35	post_cna	A	HERC1	ENST00000443617.7	exon_skip	48	splice_site	AC	True	False
IGI-SYN-SEQ-02-SPL-0002	IGI-SYN-SEQ-02	snv	splice_causal	chr15	48487310	A	C	0	T	1.0	pre_cna	T_het	FBN1	ENST00000316623.10	intron_retention	28	splice_site	AC	True	False
IGI-SYN-SEQ-02-SPL-0003	IGI-SYN-SEQ-02	snv	splice_causal	chr4	102612111	G	T	1	T	1.0	pre_cna	T_het	NFKB1	ENST00000226574.9	cryptic_5p	21	splice_site	GT	True	True
IGI-SYN-SEQ-02-SPL-0004	IGI-SYN-SEQ-02	snv	splice_causal	chr1	32895303	A	C	1	A1	0.1	post_cna	A1	TMEM54	ENST00000373463.8	cryptic_3p	5	splice_site	AC	True	True
IGI-SYN-SEQ-02-SPL-0005	IGI-SYN-SEQ-02	snv	splice_causal	chr19	10920947	G	T	0	T	1.0	pre_cna	T_het	CARM1	ENST00000327064.9	novel_exon	13	splice_site	GT	True	False
IGI-SYN-SEQ-02-SPL-0006	IGI-SYN-SEQ-02	snv	splice_causal	chr22	38689294	A	C	0	T	1.0	pre_cna	T_het	JOSD1	ENST00000216039.9	exon_skip	2	splice_site	AC	True	False
IGI-SYN-SEQ-02-SPL-0007	IGI-SYN-SEQ-02	snv	splice_causal	chr10	99718344	A	C	0	B	0.3	post_cna	B	COX15	ENST00000016171.6	intron_retention	7	splice_site	AC	True	False
IGI-SYN-SEQ-02-SPL-0008	IGI-SYN-SEQ-02	snv	splice_causal	chr18	79433739	G	T	1	T	1.0	pre_cna	T_het	NFATC1	ENST00000427363.7	cryptic_5p	3	splice_site	GT	True	False
IGI-SYN-SEQ-02-SPL-0009	IGI-SYN-SEQ-02	snv	splice_causal	chr10	119157869	A	C	0	T	1.0	pre_cna	T_LOH	SFXN4	ENST00000355697.7	cryptic_3p	8	splice_site	AC	True	False
IGI-SYN-SEQ-02-SPL-0010	IGI-SYN-SEQ-02	snv	splice_causal	chr22	39049582	G	T	1	T	1.0	pre_cna	T_het	APOBEC3F	ENST00000308521.10	novel_exon	5	splice_site	GT	True	False
IGI-SYN-SEQ-02-SPL-0011	IGI-SYN-SEQ-02	snv	splice_causal	chr7	151351483	G	T	0	T	1.0	pre_cna	T_het	NUB1	ENST00000470229.6	exon_skip	4	splice_site	GT	True	False
IGI-SYN-SEQ-02-SPL-0012	IGI-SYN-SEQ-02	snv	splice_causal	chr3	50184815	G	T	0	T	1.0	pre_cna	T_het	SEMA3F	ENST00000002829.8	intron_retention	13	splice_site	GT	True	True
IGI-SYN-SEQ-02-SPL-0013	IGI-SYN-SEQ-02	snv	splice_causal	chr3	184332087	G	T	1	A1	0.1	post_cna	A1	EIF4G1	ENST00000346169.7	cryptic_5p	32	splice_site	GT	True	True
IGI-SYN-SEQ-02-SPL-0014	IGI-SYN-SEQ-02	snv	splice_causal	chr9	83686002	A	C	1	T	1.0	pre_cna	T_het	UBQLN1	ENST00000376395.9	cryptic_3p	2	splice_site	AC	True	False
IGI-SYN-SEQ-02-SPL-0015	IGI-SYN-SEQ-02	snv	splice_causal	chr2	73849488	G	T	0	T	1.0	pre_cna	T_het	STAMBP	ENST00000394070.7	novel_exon	6	splice_site	GT	True	True
