# COSMIC v3.4 single base substitution signatures, GRCh38, subset to the five signatures
# used by the IGI-SYN-SEQ background mutation model.
# Source: COSMIC Mutational Signatures v3.4 (cancer.sanger.ac.uk/signatures), as redistributed
# in AlexandrovLab/SigProfilerAssignment (file COSMIC_v3.4_SBS_GRCh38.txt, md5 633b2e6708d168fb9f6e3942e8d69a1f).
# Columns are probabilities over the 96 trinucleotide channels; each column sums to 1.
channel	SBS1	SBS2	SBS3	SBS5	SBS13
A[C>A]A	0.000876023	5.78989e-07	0.0209197	0.012052	0.00181688
A[C>A]C	0.00222012	0.000145504	0.0163432	0.00933709	0.000708842
A[C>A]G	0.000179727	5.36171e-05	0.00180755	0.00190814	0.000270655
A[C>A]T	0.00126505	9.75884e-05	0.0122651	0.00663587	0.000347257
A[C>G]A	0.00183905	2.22611e-16	0.0198134	0.0101438	0.00386336
A[C>G]C	0.00118796	0.000130758	0.0115888	0.00563786	0.000934964
A[C>G]G	0.000116771	1.55828e-05	0.00026132	0.00177405	0.000270655
A[C>G]T	0.00112669	9.10027e-05	0.0174928	0.0101395	0.00399146
A[C>T]A	0.0247185	6.09935e-05	0.0142818	0.0327414	0.00716769
A[C>T]C	0.00615402	0.00135673	0.0122822	0.0177049	2.18266e-16
A[C>T]G	0.370624	3.35235e-05	0.00265451	0.00637422	0.000310639
A[C>T]T	0.00946813	0.00185603	0.0121645	0.0220861	0.000317321
A[T>A]A	0.000783812	9.48639e-05	0.00547149	0.00734473	2.19617e-16
A[T>A]C	0.00220131	0.000875074	0.00723975	0.00694878	6.49856e-05
A[T>A]G	0.00111728	2.52324e-05	0.0096105	0.00907925	0.000583825
A[T>A]T	0.000179455	2.20786e-16	0.00609479	0.00617583	0.0006
A[T>C]A	0.00106794	6.10334e-05	0.0164444	0.0459792	0.00188942
A[T>C]C	0.00300089	2.14277e-05	0.00779202	0.0134363	0.000141527
A[T>C]G	0.000103888	1.30615e-05	0.0122624	0.0380293	0.00042352
A[T>C]T	0.00562883	0.000153465	0.0172569	0.0381507	0.000949506
A[T>G]A	0.00016852	0.000235436	0.00393668	0.00384155	6.0741e-05
A[T>G]C	0.000204337	7.43493e-05	0.00261073	0.00260704	2.2127e-16
A[T>G]G	0.000262659	2.02849e-06	0.00628072	0.00790452	8.16401e-05
A[T>G]T	0.000109831	3.72267e-06	0.00396012	0.00481117	0.000316832
C[C>A]A	0.000305026	0.000205314	0.0223757	0.00737852	0.00138192
C[C>A]C	0.00173826	9.34362e-05	0.0249916	0.00605658	0.000949095
C[C>A]G	9.19382e-05	2.22138e-16	0.00251908	0.00346762	4.31357e-06
C[C>A]T	2.17983e-16	0.000415576	0.0153154	0.00644523	2.1915e-16
C[C>G]A	2.35571e-05	2.20114e-16	0.0191934	0.00691178	0.00553756
C[C>G]C	7.45668e-05	0.000344145	0.0139281	0.00894678	0.000635344
C[C>G]G	0.000347295	4.85117e-05	0.00150543	0.00249548	0.000486128
C[C>G]T	2.17983e-16	6.27789e-05	0.0221775	0.00946425	0.00631755
C[C>T]A	0.0019553	0.00426422	0.0160111	0.0192656	1.90516e-05
C[C>T]C	0.000262196	0.00016668	0.0199537	0.0187419	0.00132363
C[C>T]G	0.193381	0.00275937	0.0022481	0.0175385	0.00198236
C[C>T]T	0.000191625	0.00143132	0.0228736	0.0229406	0.00143132
C[T>A]A	4.22572e-05	0.000241151	0.00793856	0.00353436	0.00020741
C[T>A]C	0.000387449	0.000242876	0.0178506	0.00519741	0.000340425
C[T>A]G	0.000318465	0.000147869	0.0131978	0.00500211	0.000224284
C[T>A]T	0.000257226	2.22745e-16	0.0127808	0.00432124	0.000522416
C[T>C]A	2.19148e-16	0.000299702	0.00882839	0.0132788	4.70414e-05
C[T>C]C	0.00246469	2.83679e-05	0.0145412	0.0104148	0.000121438
C[T>C]G	0.000353851	2.21301e-16	0.0100983	0.0207672	2.20324e-16
C[T>C]T	4.2138e-05	0.000185792	0.0159005	0.0149736	0.000111875
C[T>G]A	3.48868e-05	0.000151835	0.00436921	0.00258587	4.10868e-05
C[T>G]C	0.000209006	0.000154286	0.00706002	0.00461658	2.80713e-06
C[T>G]G	0.000125814	0.000120081	0.0106982	0.00612034	2.20324e-16
C[T>G]T	0.000169175	0.000202774	0.00707471	0.00733605	5.54405e-05
G[C>A]A	0.00155627	8.57227e-05	0.00714379	0.0102053	0.000943771
G[C>A]C	0.000329319	2.18717e-16	0.010771	0.00754878	0.000442351
G[C>A]G	0.000582768	1.39326e-05	0.00144413	0.00235978	0.00016439
G[C>A]T	2.18504e-16	5.06597e-05	0.0099688	0.00678912	6.08553e-05
G[C>G]A	9.44429e-06	6.50379e-05	0.0127246	0.00468243	0.00149174
G[C>G]C	0.000159317	0.000255995	0.00852785	0.00501278	0.000469814
G[C>G]G	0.000164803	2.23524e-16	0.00244391	0.00152276	0.000241572
G[C>G]T	2.18504e-16	0.00013259	0.0146541	0.00668958	0.00267158
G[C>T]A	0.00437332	2.21765e-16	0.0164317	0.0194101	0.00714044
G[C>T]C	9.01339e-05	1.26523e-07	0.0132414	0.0213142	0.000903337
G[C>T]G	0.216428	2.23524e-16	0.000533216	0.012404	0.000178423
G[C>T]T	3.76258e-05	4.98681e-05	0.0112647	0.0185158	0.00125663
G[T>A]A	7.93354e-05	2.20016e-16	0.00701785	0.00364294	6.61081e-06
G[T>A]C	0.000126346	0.000129544	0.00745221	0.00289509	0.000128554
G[T>A]G	0.000242933	6.3611e-05	0.0116525	0.00412278	4.68642e-05
G[T>A]T	0.000257268	6.32245e-05	0.0124762	0.00326151	0.00036043
G[T>C]A	0.00102607	2.20016e-16	0.00992042	0.013996	0.000283167
G[T>C]C	0.00186091	2.70946e-05	0.00561904	0.00789933	0.000179977
G[T>C]G	0.00115541	0.000106686	0.0109494	0.0150467	0.000194427
G[T>C]T	7.1085e-05	1.25845e-05	0.0103461	0.0138766	2.23517e-16
G[T>G]A	2.17879e-16	0.000206209	0.00439361	0.00250142	8.65326e-05
G[T>G]C	2.18373e-16	0.000131522	0.0023313	0.00170124	2.19542e-16
G[T>G]G	0.000343661	3.69901e-05	0.0109494	0.00531649	0.00042475
G[T>G]T	1.4556e-05	2.24507e-16	0.00591351	0.0023803	2.90975e-06
T[C>A]A	6.50534e-05	0.000637963	0.00845919	0.00789481	0.0788717
T[C>A]C	0.00249718	0.000169415	0.0168675	0.00919383	0.0292988
T[C>A]G	2.23875e-16	8.64745e-05	0.00144015	0.00234587	0.0122669
T[C>A]T	5.83817e-06	0.000441167	0.0100712	0.0128109	0.0355941
T[C>G]A	2.2047e-16	2.22632e-16	0.0133778	0.00784459	0.316485
T[C>G]C	0.000200367	9.83575e-05	0.0203815	0.00761975	0.0632814
T[C>G]G	6.96724e-05	4.17673e-05	0.00053112	0.0017441	0.0139904
T[C>G]T	0.00154918	0.00118313	0.0237386	0.0126091	0.369978
T[C>T]A	0.0010976	0.53513	0.00579369	0.0203899	0.00691875
T[C>T]C	3.68096e-05	0.0969651	0.0133534	0.0230598	0.00446458
T[C>T]G	0.110451	0.0448099	0.00101015	0.0162171	0.00120642
T[C>T]T	2.21414e-16	0.300795	0.00825296	0.0211833	0.00142376
T[T>A]A	0.00652536	0.000413734	0.00643025	0.0062239	0.000290202
T[T>A]C	2.23419e-16	0.000194253	0.0107027	0.00421396	0.000234722
T[T>A]G	2.77364e-05	5.0115e-05	0.00676243	0.00482061	0.000188062
T[T>A]T	0.00222101	0.000204312	0.0130533	0.0087735	6.17946e-05
T[T>C]A	0.000247614	2.18626e-16	0.0150138	0.0177544	2.1668e-05
T[T>C]C	0.00339697	4.40091e-05	0.00916354	0.00988347	2.51932e-05
T[T>C]G	0.000412157	0.000117038	0.00698415	0.0127812	9.9837e-05
T[T>C]T	0.0042742	3.56788e-05	0.013957	0.0185497	0.000529218
T[T>G]A	2.16503e-16	1.63724e-05	0.00716118	0.00514877	0.000180396
T[T>G]C	5.52035e-05	7.12239e-05	0.00640123	0.0066772	2.24614e-16
T[T>G]G	0.000577613	9.54285e-05	0.0081129	0.00698436	3.67136e-05
T[T>G]T	2.20087e-16	2.22245e-16	0.0105431	0.0135363	1.88374e-05
