IGI-SYN-SEQ-01_chr1_normal.json	735	2026-09-28
IGI-SYN-SEQ-01_chr1_normal_R1.fastq.gz	246137519	2026-09-28
IGI-SYN-SEQ-01_chr1_normal_R2.fastq.gz	258982131	2026-09-28
IGI-SYN-SEQ-01_chr1to6_rna.json	629	2026-09-27
IGI-SYN-SEQ-01_chr1to6_rna_R1.fastq.gz	1419773268	2026-09-27
IGI-SYN-SEQ-01_chr1to6_rna_R2.fastq.gz	1485461136	2026-09-27
IGI-SYN-SEQ-01_chr1to6_rna_transcripts.tsv	1607553	2026-09-27
IGI-SYN-SEQ-01_chr1_tumor.json	3261	2026-09-28
IGI-SYN-SEQ-01_chr1_tumor_R1.fastq.gz	412536056	2026-09-28
IGI-SYN-SEQ-01_chr1_tumor_R2.fastq.gz	432001894	2026-09-28
IGI-SYN-SEQ-01_chr2_normal.json	735	2026-09-28
IGI-SYN-SEQ-01_chr2_normal_R1.fastq.gz	174970820	2026-09-28
IGI-SYN-SEQ-01_chr2_normal_R2.fastq.gz	184054937	2026-09-28
IGI-SYN-SEQ-01_chr2_tumor.json	1626	2026-09-28
IGI-SYN-SEQ-01_chr2_tumor_R1.fastq.gz	285618213	2026-09-28
IGI-SYN-SEQ-01_chr2_tumor_R2.fastq.gz	299324263	2026-09-28
IGI-SYN-SEQ-01_chr3_normal.json	735	2026-09-28
IGI-SYN-SEQ-01_chr3_normal_R1.fastq.gz	141807990	2026-09-28
IGI-SYN-SEQ-01_chr3_normal_R2.fastq.gz	149176360	2026-09-28
IGI-SYN-SEQ-01_chr3_tumor.json	1626	2026-09-28
IGI-SYN-SEQ-01_chr3_tumor_R1.fastq.gz	231293749	2026-09-28
IGI-SYN-SEQ-01_chr3_tumor_R2.fastq.gz	242376815	2026-09-28
IGI-SYN-SEQ-01_chr4_normal.json	734	2026-09-28
IGI-SYN-SEQ-01_chr4_normal_R1.fastq.gz	97200454	2026-09-28
IGI-SYN-SEQ-01_chr4_normal_R2.fastq.gz	102285134	2026-09-28
IGI-SYN-SEQ-01_chr4_tumor.json	1625	2026-09-28
IGI-SYN-SEQ-01_chr4_tumor_R1.fastq.gz	158786468	2026-09-28
IGI-SYN-SEQ-01_chr4_tumor_R2.fastq.gz	166434448	2026-09-28
IGI-SYN-SEQ-01_chr5_normal.json	734	2026-09-28
IGI-SYN-SEQ-01_chr5_normal_R1.fastq.gz	113716038	2026-09-28
IGI-SYN-SEQ-01_chr5_normal_R2.fastq.gz	119611541	2026-09-28
IGI-SYN-SEQ-01_chr5_tumor.json	2329	2026-09-28
IGI-SYN-SEQ-01_chr5_tumor_R1.fastq.gz	179628224	2026-09-28
IGI-SYN-SEQ-01_chr5_tumor_R2.fastq.gz	188483182	2026-09-28
IGI-SYN-SEQ-01_chr6_normal.json	734	2026-09-28
IGI-SYN-SEQ-01_chr6_normal_R1.fastq.gz	124281838	2026-09-28
IGI-SYN-SEQ-01_chr6_normal_R2.fastq.gz	130726696	2026-09-28
IGI-SYN-SEQ-01_chr6_tumor.json	2329	2026-09-28
IGI-SYN-SEQ-01_chr6_tumor_R1.fastq.gz	201411738	2026-09-28
IGI-SYN-SEQ-01_chr6_tumor_R2.fastq.gz	211030934	2026-09-28
IGI-SYN-SEQ-02_chr1_normal.json	735	2026-09-28
IGI-SYN-SEQ-02_chr1_normal_R1.fastq.gz	244851761	2026-09-28
IGI-SYN-SEQ-02_chr1_normal_R2.fastq.gz	257618224	2026-09-28
IGI-SYN-SEQ-02_chr1to6_rna.json	632	2026-09-27
IGI-SYN-SEQ-02_chr1to6_rna_R1.fastq.gz	1420553647	2026-09-27
IGI-SYN-SEQ-02_chr1to6_rna_R2.fastq.gz	1486230144	2026-09-27
IGI-SYN-SEQ-02_chr1to6_rna_transcripts.tsv	1606953	2026-09-27
IGI-SYN-SEQ-02_chr1_tumor.json	4726	2026-09-28
IGI-SYN-SEQ-02_chr1_tumor_R1.fastq.gz	419123052	2026-09-28
IGI-SYN-SEQ-02_chr1_tumor_R2.fastq.gz	437968284	2026-09-28
IGI-SYN-SEQ-02_chr2_normal.json	735	2026-09-28
IGI-SYN-SEQ-02_chr2_normal_R1.fastq.gz	174910554	2026-09-28
IGI-SYN-SEQ-02_chr2_normal_R2.fastq.gz	183996462	2026-09-28
IGI-SYN-SEQ-02_chr2_tumor.json	2618	2026-09-28
IGI-SYN-SEQ-02_chr2_tumor_R1.fastq.gz	297817392	2026-09-28
IGI-SYN-SEQ-02_chr2_tumor_R2.fastq.gz	311159816	2026-09-28
IGI-SYN-SEQ-02_chr3_normal.json	735	2026-09-28
IGI-SYN-SEQ-02_chr3_normal_R1.fastq.gz	141800927	2026-09-28
IGI-SYN-SEQ-02_chr3_normal_R2.fastq.gz	149158725	2026-09-28
IGI-SYN-SEQ-02_chr3_tumor.json	2618	2026-09-28
IGI-SYN-SEQ-02_chr3_tumor_R1.fastq.gz	241280363	2026-09-28
IGI-SYN-SEQ-02_chr3_tumor_R2.fastq.gz	252103912	2026-09-28
IGI-SYN-SEQ-02_chr4_normal.json	734	2026-09-28
IGI-SYN-SEQ-02_chr4_normal_R1.fastq.gz	97159040	2026-09-28
IGI-SYN-SEQ-02_chr4_normal_R2.fastq.gz	102269226	2026-09-28
IGI-SYN-SEQ-02_chr4_tumor.json	2617	2026-09-28
IGI-SYN-SEQ-02_chr4_tumor_R1.fastq.gz	165749639	2026-09-28
IGI-SYN-SEQ-02_chr4_tumor_R2.fastq.gz	173246163	2026-09-28
IGI-SYN-SEQ-02_chr5_normal.json	734	2026-09-28
IGI-SYN-SEQ-02_chr5_normal_R1.fastq.gz	113606033	2026-09-28
IGI-SYN-SEQ-02_chr5_normal_R2.fastq.gz	119486734	2026-09-28
IGI-SYN-SEQ-02_chr5_tumor.json	4243	2026-09-28
IGI-SYN-SEQ-02_chr5_tumor_R1.fastq.gz	192245676	2026-09-28
IGI-SYN-SEQ-02_chr5_tumor_R2.fastq.gz	201074928	2026-09-28
IGI-SYN-SEQ-02_chr6_normal.json	734	2026-09-28
IGI-SYN-SEQ-02_chr6_normal_R1.fastq.gz	123872316	2026-09-28
IGI-SYN-SEQ-02_chr6_normal_R2.fastq.gz	130282250	2026-09-28
IGI-SYN-SEQ-02_chr6_tumor.json	3743	2026-09-28
IGI-SYN-SEQ-02_chr6_tumor_R1.fastq.gz	208636468	2026-09-28
IGI-SYN-SEQ-02_chr6_tumor_R2.fastq.gz	218057115	2026-09-28
